PDF页码	来源	行数	字符数	错误
1	PDF内置文字层	0	0	-
2	PDF内置文字层	48	799	-
3	PDF内置文字层	21	441	-
4	PDF内置文字层	58	1998	-
5	PDF内置文字层	65	1388	-
6	PDF内置文字层	32	551	-
7	PDF内置文字层	64	1903	-
8	PDF内置文字层	70	1318	-
9	PDF内置文字层	31	481	-
10	PDF内置文字层	70	1759	-
11	PDF内置文字层	64	1243	-
12	PDF内置文字层	62	1212	-
13	PDF内置文字层	63	1174	-
14	PDF内置文字层	71	1266	-
15	PDF内置文字层	70	1680	-
16	PDF内置文字层	69	1500	-
17	PDF内置文字层	68	1268	-
18	PDF内置文字层	65	1591	-
19	PDF内置文字层	63	1250	-
20	PDF内置文字层	66	1138	-
21	PDF内置文字层	85	2738	-
22	PDF内置文字层	62	1297	-
23	PDF内置文字层	66	1618	-
24	PDF内置文字层	66	2421	-
25	PDF内置文字层	68	2453	-
26	PDF内置文字层	68	2141	-
27	PDF内置文字层	22	472	-
28	PDF内置文字层	68	1341	-
29	PDF内置文字层	13	244	-
30	PDF内置文字层	53	2794	-
31	PDF内置文字层	48	4707	-
32	PDF内置文字层	47	4732	-
33	PDF内置文字层	67	4672	-
34	PDF内置文字层	61	6105	-
35	PDF内置文字层	64	4937	-
36	PDF内置文字层	34	2955	-
37	PDF内置文字层	47	1552	-
38	PDF内置文字层	55	2803	-
39	PDF内置文字层	56	1951	-
40	PDF内置文字层	49	2128	-
41	PDF内置文字层	49	1590	-
42	PDF内置文字层	52	1233	-
43	PDF内置文字层	65	1900	-
44	PDF内置文字层	49	924	-
45	PDF内置文字层	52	1372	-
46	PDF内置文字层	80	3696	-
47	PDF内置文字层	48	1924	-
48	PDF内置文字层	66	2096	-
49	PDF内置文字层	60	1580	-
50	PDF内置文字层	54	1676	-
51	PDF内置文字层	74	2425	-
52	PDF内置文字层	50	1821	-
53	PDF内置文字层	53	1686	-
54	PDF内置文字层	51	1250	-
55	PDF内置文字层	57	1543	-
56	PDF内置文字层	49	1828	-
57	PDF内置文字层	36	508	-
58	PDF内置文字层	42	1566	-
59	PDF内置文字层	49	1587	-
60	PDF内置文字层	49	2197	-
61	PDF内置文字层	51	2260	-
62	PDF内置文字层	50	2345	-
63	PDF内置文字层	55	2050	-
64	PDF内置文字层	51	1520	-
65	PDF内置文字层	50	1738	-
66	PDF内置文字层	48	1776	-
67	PDF内置文字层	53	1841	-
68	PDF内置文字层	59	2181	-
69	PDF内置文字层	52	1689	-
70	PDF内置文字层	53	1664	-
71	PDF内置文字层	60	2164	-
72	PDF内置文字层	52	1961	-
73	PDF内置文字层	65	2117	-
74	PDF内置文字层	56	1831	-
75	PDF内置文字层	54	1849	-
76	PDF内置文字层	59	1981	-
77	PDF内置文字层	54	1668	-
78	PDF内置文字层	68	3162	-
79	PDF内置文字层	58	3220	-
80	PDF内置文字层	58	2342	-
81	PDF内置文字层	63	2692	-
82	PDF内置文字层	58	2253	-
83	PDF内置文字层	52	2071	-
84	PDF内置文字层	60	3343	-
85	PDF内置文字层	53	1849	-
86	PDF内置文字层	60	2220	-
87	PDF内置文字层	81	2495	-
88	PDF内置文字层	57	1750	-
89	PDF内置文字层	59	2247	-
90	PDF内置文字层	55	2080	-
91	PDF内置文字层	82	2812	-
92	PDF内置文字层	56	1540	-
93	PDF内置文字层	74	3017	-
94	PDF内置文字层	59	1915	-
95	PDF内置文字层	53	1969	-
96	PDF内置文字层	51	1175	-
97	PDF内置文字层	52	1613	-
98	PDF内置文字层	64	1964	-
99	PDF内置文字层	59	2678	-
100	PDF内置文字层	51	1843	-
101	PDF内置文字层	63	1724	-
102	PDF内置文字层	59	2171	-
103	PDF内置文字层	52	2021	-
104	PDF内置文字层	63	3018	-
105	PDF内置文字层	55	2002	-
106	PDF内置文字层	57	1852	-
107	PDF内置文字层	50	1908	-
108	PDF内置文字层	55	2247	-
109	PDF内置文字层	51	2775	-
110	PDF内置文字层	59	1617	-
111	PDF内置文字层	50	1517	-
112	PDF内置文字层	74	3299	-
113	PDF内置文字层	59	2128	-
114	PDF内置文字层	64	2123	-
115	PDF内置文字层	48	1721	-
116	PDF内置文字层	91	6570	-
117	PDF内置文字层	54	1526	-
118	PDF内置文字层	66	2983	-
119	PDF内置文字层	51	1816	-
120	PDF内置文字层	51	1684	-
121	PDF内置文字层	57	1652	-
122	PDF内置文字层	52	1887	-
123	PDF内置文字层	48	1914	-
124	PDF内置文字层	65	2233	-
125	PDF内置文字层	60	1926	-
126	PDF内置文字层	65	2387	-
127	PDF内置文字层	66	2134	-
128	PDF内置文字层	62	2083	-
129	PDF内置文字层	62	1953	-
130	PDF内置文字层	71	2307	-
131	PDF内置文字层	61	2138	-
132	PDF内置文字层	66	2356	-
133	PDF内置文字层	62	2039	-
134	PDF内置文字层	55	3546	-
135	PDF内置文字层	57	2543	-
136	PDF内置文字层	62	2621	-
137	PDF内置文字层	61	3707	-
138	PDF内置文字层	58	2854	-
139	PDF内置文字层	65	2870	-
140	PDF内置文字层	70	3022	-
141	PDF内置文字层	64	2463	-
142	PDF内置文字层	69	2585	-
143	PDF内置文字层	66	4357	-
144	PDF内置文字层	45	1477	-
145	PDF内置文字层	41	1705	-
146	PDF内置文字层	49	1690	-
147	PDF内置文字层	46	1965	-
148	PDF内置文字层	64	2077	-
149	PDF内置文字层	49	1695	-
150	PDF内置文字层	52	1525	-
151	PDF内置文字层	57	1649	-
152	PDF内置文字层	54	1629	-
153	PDF内置文字层	55	1693	-
154	PDF内置文字层	52	1554	-
155	PDF内置文字层	50	1957	-
156	PDF内置文字层	78	2965	-
157	PDF内置文字层	51	2181	-
158	PDF内置文字层	73	2017	-
159	PDF内置文字层	61	2561	-
160	PDF内置文字层	59	2366	-
161	PDF内置文字层	57	1743	-
162	PDF内置文字层	58	1512	-
163	PDF内置文字层	60	1732	-
164	PDF内置文字层	70	2092	-
165	PDF内置文字层	58	2101	-
166	PDF内置文字层	58	1773	-
167	PDF内置文字层	56	1669	-
168	PDF内置文字层	58	1833	-
169	PDF内置文字层	59	2181	-
170	PDF内置文字层	54	1656	-
171	PDF内置文字层	53	1844	-
172	PDF内置文字层	61	2431	-
173	PDF内置文字层	56	2340	-
174	PDF内置文字层	52	1402	-
175	PDF内置文字层	61	2196	-
176	PDF内置文字层	54	1734	-
177	PDF内置文字层	53	1740	-
178	PDF内置文字层	56	2590	-
179	PDF内置文字层	54	1177	-
180	PDF内置文字层	57	1263	-
181	PDF内置文字层	56	2566	-
182	PDF内置文字层	49	1846	-
183	PDF内置文字层	61	1778	-
184	PDF内置文字层	55	1459	-
185	PDF内置文字层	57	1221	-
186	PDF内置文字层	57	2067	-
187	PDF内置文字层	53	1397	-
188	PDF内置文字层	55	1332	-
189	PDF内置文字层	59	2088	-
190	PDF内置文字层	57	1748	-
191	PDF内置文字层	67	1995	-
192	PDF内置文字层	55	1192	-
193	PDF内置文字层	57	1027	-
194	PDF内置文字层	60	1516	-
195	PDF内置文字层	51	1597	-
196	PDF内置文字层	57	3231	-
197	PDF内置文字层	60	2818	-
198	PDF内置文字层	56	1508	-
199	PDF内置文字层	62	2228	-
200	PDF内置文字层	63	2466	-
201	PDF内置文字层	54	1909	-
202	PDF内置文字层	56	2086	-
203	PDF内置文字层	61	2707	-
204	PDF内置文字层	59	2491	-
205	PDF内置文字层	57	2453	-
206	PDF内置文字层	58	1710	-
207	PDF内置文字层	60	2103	-
208	PDF内置文字层	59	3252	-
209	PDF内置文字层	54	2126	-
210	PDF内置文字层	51	1612	-
211	PDF内置文字层	63	1918	-
212	PDF内置文字层	58	1542	-
213	PDF内置文字层	64	2223	-
214	PDF内置文字层	63	3002	-
215	PDF内置文字层	54	1682	-
216	PDF内置文字层	64	2546	-
217	PDF内置文字层	60	1657	-
218	PDF内置文字层	60	1856	-
219	PDF内置文字层	56	1782	-
220	PDF内置文字层	60	1622	-
221	PDF内置文字层	55	1356	-
222	PDF内置文字层	60	1267	-
223	PDF内置文字层	76	2142	-
224	PDF内置文字层	56	1587	-
225	PDF内置文字层	59	1212	-
226	PDF内置文字层	56	1658	-
227	PDF内置文字层	49	1668	-
228	PDF内置文字层	49	1610	-
229	PDF内置文字层	61	1540	-
230	PDF内置文字层	89	2399	-
231	PDF内置文字层	56	1645	-
232	PDF内置文字层	60	1971	-
233	PDF内置文字层	57	1764	-
234	PDF内置文字层	53	1546	-
235	PDF内置文字层	61	2264	-
236	PDF内置文字层	54	1696	-
237	PDF内置文字层	53	2120	-
238	PDF内置文字层	57	2545	-
239	PDF内置文字层	55	2587	-
240	PDF内置文字层	55	1940	-
241	PDF内置文字层	71	1873	-
242	PDF内置文字层	61	2129	-
243	PDF内置文字层	66	2378	-
244	PDF内置文字层	57	2353	-
245	PDF内置文字层	58	1889	-
246	PDF内置文字层	64	1716	-
247	PDF内置文字层	64	1998	-
248	PDF内置文字层	60	1894	-
249	PDF内置文字层	61	2027	-
250	PDF内置文字层	58	2332	-
251	PDF内置文字层	61	1896	-
252	PDF内置文字层	55	2034	-
253	PDF内置文字层	69	2280	-
254	PDF内置文字层	64	1953	-
255	PDF内置文字层	75	3301	-
256	PDF内置文字层	74	3443	-
257	PDF内置文字层	67	2135	-
258	PDF内置文字层	71	1989	-
259	PDF内置文字层	73	2347	-
260	PDF内置文字层	65	2292	-
261	PDF内置文字层	76	3041	-
262	PDF内置文字层	77	2088	-
263	PDF内置文字层	77	3097	-
264	PDF内置文字层	70	2557	-
265	PDF内置文字层	58	2542	-
266	PDF内置文字层	66	2073	-
267	PDF内置文字层	60	2359	-
268	PDF内置文字层	67	2171	-
269	PDF内置文字层	63	1775	-
270	PDF内置文字层	62	2040	-
271	PDF内置文字层	69	2965	-
272	PDF内置文字层	71	2838	-
273	PDF内置文字层	72	2810	-
274	PDF内置文字层	79	3423	-
275	PDF内置文字层	72	2649	-
276	PDF内置文字层	64	2547	-
277	PDF内置文字层	65	3173	-
278	PDF内置文字层	41	2088	-
279	PDF内置文字层	41	1478	-
280	PDF内置文字层	46	1805	-
281	PDF内置文字层	54	2281	-
282	PDF内置文字层	55	2292	-
283	PDF内置文字层	64	2041	-
284	PDF内置文字层	49	1927	-
285	PDF内置文字层	59	2243	-
286	PDF内置文字层	51	1831	-
287	PDF内置文字层	63	3290	-
288	PDF内置文字层	60	2348	-
289	PDF内置文字层	49	1900	-
290	PDF内置文字层	56	2752	-
291	PDF内置文字层	55	1732	-
292	PDF内置文字层	51	1765	-
293	PDF内置文字层	52	2081	-
294	PDF内置文字层	54	1920	-
295	PDF内置文字层	56	1469	-
296	PDF内置文字层	68	1817	-
297	PDF内置文字层	50	1352	-
298	PDF内置文字层	53	1499	-
299	PDF内置文字层	63	1504	-
300	PDF内置文字层	52	1664	-
301	PDF内置文字层	49	2124	-
302	PDF内置文字层	63	2849	-
303	PDF内置文字层	60	2082	-
304	PDF内置文字层	61	2760	-
305	PDF内置文字层	62	2139	-
306	PDF内置文字层	62	2672	-
307	PDF内置文字层	63	1669	-
308	PDF内置文字层	99	5010	-
309	PDF内置文字层	92	2352	-
310	PDF内置文字层	55	2250	-
311	PDF内置文字层	48	1754	-
312	PDF内置文字层	61	1931	-
313	PDF内置文字层	59	2059	-
314	PDF内置文字层	52	1864	-
315	PDF内置文字层	54	2054	-
316	PDF内置文字层	56	1933	-
317	PDF内置文字层	54	2146	-
318	PDF内置文字层	50	1483	-
319	PDF内置文字层	65	2104	-
320	PDF内置文字层	52	1842	-
321	PDF内置文字层	73	2002	-
322	PDF内置文字层	65	2216	-
323	PDF内置文字层	56	1442	-
324	PDF内置文字层	66	1875	-
325	PDF内置文字层	52	1703	-
326	PDF内置文字层	42	461	-
327	PDF内置文字层	61	1511	-
328	PDF内置文字层	44	1361	-
329	PDF内置文字层	48	1787	-
330	PDF内置文字层	48	1727	-
331	PDF内置文字层	49	1830	-
332	PDF内置文字层	49	1634	-
333	PDF内置文字层	43	1501	-
334	PDF内置文字层	45	1611	-
335	PDF内置文字层	56	2575	-
336	PDF内置文字层	46	1828	-
337	PDF内置文字层	36	1345	-
338	PDF内置文字层	63	1159	-
339	PDF内置文字层	55	1892	-
340	PDF内置文字层	44	1268	-
341	PDF内置文字层	56	2149	-
342	PDF内置文字层	72	2204	-
343	PDF内置文字层	49	1826	-
344	PDF内置文字层	52	1557	-
345	PDF内置文字层	68	2792	-
346	PDF内置文字层	70	4412	-
347	PDF内置文字层	56	2042	-
348	PDF内置文字层	41	1260	-
349	PDF内置文字层	61	2104	-
350	PDF内置文字层	51	1703	-
351	PDF内置文字层	47	2322	-
352	PDF内置文字层	57	1649	-
353	PDF内置文字层	73	1932	-
354	PDF内置文字层	65	1661	-
355	PDF内置文字层	64	2070	-
356	PDF内置文字层	61	1644	-
357	PDF内置文字层	46	1650	-
358	PDF内置文字层	50	1771	-
359	PDF内置文字层	47	1674	-
360	PDF内置文字层	46	1549	-
361	PDF内置文字层	50	1720	-
362	PDF内置文字层	59	1877	-
363	PDF内置文字层	65	2440	-
364	PDF内置文字层	63	2297	-
365	PDF内置文字层	59	2549	-
366	PDF内置文字层	49	1350	-
367	PDF内置文字层	59	2317	-
368	PDF内置文字层	66	2462	-
369	PDF内置文字层	66	2396	-
370	PDF内置文字层	73	2925	-
371	PDF内置文字层	73	3163	-
372	PDF内置文字层	64	2080	-
373	PDF内置文字层	74	2299	-
374	PDF内置文字层	71	2492	-
375	PDF内置文字层	77	3241	-
376	PDF内置文字层	15	485	-
377	PDF内置文字层	41	1323	-
378	PDF内置文字层	47	1609	-
379	PDF内置文字层	54	1614	-
380	PDF内置文字层	66	1795	-
381	PDF内置文字层	74	2173	-
382	PDF内置文字层	59	1946	-
383	PDF内置文字层	57	1881	-
384	PDF内置文字层	59	2071	-
385	PDF内置文字层	88	2523	-
386	PDF内置文字层	61	2459	-
387	PDF内置文字层	55	1593	-
388	PDF内置文字层	58	1997	-
389	PDF内置文字层	62	2832	-
390	PDF内置文字层	57	2167	-
391	PDF内置文字层	64	2793	-
392	PDF内置文字层	58	2888	-
393	PDF内置文字层	56	1752	-
394	PDF内置文字层	52	1238	-
395	PDF内置文字层	48	1340	-
396	PDF内置文字层	48	1860	-
397	PDF内置文字层	52	1798	-
398	PDF内置文字层	62	2194	-
399	PDF内置文字层	62	1953	-
400	PDF内置文字层	55	1857	-
401	PDF内置文字层	48	1794	-
402	PDF内置文字层	50	1796	-
403	PDF内置文字层	58	2898	-
404	PDF内置文字层	108	5583	-
405	PDF内置文字层	58	1096	-
406	PDF内置文字层	69	3541	-
407	PDF内置文字层	73	3285	-
408	PDF内置文字层	58	1604	-
409	PDF内置文字层	57	1860	-
410	PDF内置文字层	63	2408	-
411	PDF内置文字层	73	1806	-
412	PDF内置文字层	53	1735	-
413	PDF内置文字层	59	3087	-
414	PDF内置文字层	53	1691	-
415	PDF内置文字层	50	1746	-
416	PDF内置文字层	59	2347	-
417	PDF内置文字层	69	2030	-
418	PDF内置文字层	59	2703	-
419	PDF内置文字层	52	1954	-
420	PDF内置文字层	67	2645	-
421	PDF内置文字层	62	2374	-
422	PDF内置文字层	38	949	-
423	PDF内置文字层	62	2489	-
424	PDF内置文字层	53	1402	-
425	PDF内置文字层	51	2245	-
426	PDF内置文字层	49	1595	-
427	PDF内置文字层	69	3538	-
428	PDF内置文字层	48	1832	-
429	PDF内置文字层	57	2209	-
430	PDF内置文字层	70	2698	-
431	PDF内置文字层	97	4312	-
432	PDF内置文字层	62	2503	-
433	PDF内置文字层	58	2218	-
434	PDF内置文字层	21	870	-
435	PDF内置文字层	43	1633	-
436	PDF内置文字层	49	1435	-
437	PDF内置文字层	77	3705	-
438	PDF内置文字层	83	4464	-
439	PDF内置文字层	56	1687	-
440	PDF内置文字层	49	2033	-
441	PDF内置文字层	57	1797	-
442	PDF内置文字层	87	2259	-
443	PDF内置文字层	71	1889	-
444	PDF内置文字层	61	1996	-
445	PDF内置文字层	63	2124	-
446	PDF内置文字层	60	3084	-
447	PDF内置文字层	60	2455	-
448	PDF内置文字层	70	1808	-
449	PDF内置文字层	69	2133	-
450	PDF内置文字层	66	2617	-
451	PDF内置文字层	51	2095	-
452	PDF内置文字层	54	3582	-
453	PDF内置文字层	53	2309	-
454	PDF内置文字层	62	2304	-
455	PDF内置文字层	70	2881	-
456	PDF内置文字层	70	2421	-
457	PDF内置文字层	96	4989	-
458	PDF内置文字层	61	1807	-
459	PDF内置文字层	50	1602	-
460	PDF内置文字层	47	1564	-
461	PDF内置文字层	69	2084	-
462	PDF内置文字层	63	2271	-
463	PDF内置文字层	68	2381	-
464	PDF内置文字层	62	2051	-
465	PDF内置文字层	54	2225	-
466	PDF内置文字层	100	2448	-
467	PDF内置文字层	63	2156	-
468	PDF内置文字层	78	2923	-
469	PDF内置文字层	66	2001	-
470	PDF内置文字层	73	2678	-
471	PDF内置文字层	69	1988	-
472	PDF内置文字层	66	2535	-
473	PDF内置文字层	55	1793	-
474	PDF内置文字层	59	1749	-
475	PDF内置文字层	48	1813	-
476	PDF内置文字层	52	1615	-
477	PDF内置文字层	68	2482	-
478	PDF内置文字层	57	2486	-
479	PDF内置文字层	59	1347	-
480	PDF内置文字层	66	2552	-
481	PDF内置文字层	68	2627	-
482	PDF内置文字层	62	1552	-
483	PDF内置文字层	65	1849	-
484	PDF内置文字层	133	10961	-
485	PDF内置文字层	185	11456	-
486	PDF内置文字层	51	1699	-
487	PDF内置文字层	81	2523	-
488	PDF内置文字层	76	5105	-
489	PDF内置文字层	103	9233	-
490	PDF内置文字层	65	2354	-
491	PDF内置文字层	62	2585	-
492	PDF内置文字层	188	21355	-
493	PDF内置文字层	137	18269	-
494	PDF内置文字层	70	2482	-
495	PDF内置文字层	60	2841	-
496	PDF内置文字层	75	5603	-
497	PDF内置文字层	131	15895	-
498	PDF内置文字层	69	3163	-
499	PDF内置文字层	73	726	-
500	PDF内置文字层	42	1725	-
501	PDF内置文字层	69	3578	-
502	PDF内置文字层	52	1618	-
503	PDF内置文字层	60	2200	-
504	PDF内置文字层	52	1435	-
505	PDF内置文字层	52	2165	-
506	PDF内置文字层	56	2299	-
507	PDF内置文字层	56	1501	-
508	PDF内置文字层	60	1030	-
509	PDF内置文字层	60	923	-
510	PDF内置文字层	51	1931	-
511	PDF内置文字层	51	1789	-
512	PDF内置文字层	57	2579	-
513	PDF内置文字层	70	2266	-
514	PDF内置文字层	50	1745	-
515	PDF内置文字层	50	1938	-
516	PDF内置文字层	61	2291	-
517	PDF内置文字层	57	1426	-
518	PDF内置文字层	64	2496	-
519	PDF内置文字层	95	4016	-
520	PDF内置文字层	53	1733	-
521	PDF内置文字层	65	2142	-
522	PDF内置文字层	70	3111	-
523	PDF内置文字层	53	1535	-
524	PDF内置文字层	61	1818	-
525	PDF内置文字层	54	1816	-
526	PDF内置文字层	63	1887	-
527	PDF内置文字层	59	2816	-
528	PDF内置文字层	51	1524	-
529	PDF内置文字层	63	1837	-
530	PDF内置文字层	59	2071	-
531	PDF内置文字层	59	1567	-
532	PDF内置文字层	59	1542	-
533	PDF内置文字层	78	1886	-
534	PDF内置文字层	61	2637	-
535	PDF内置文字层	66	2667	-
536	PDF内置文字层	31	730	-
537	PDF内置文字层	43	1600	-
538	PDF内置文字层	51	1826	-
539	PDF内置文字层	58	1889	-
540	PDF内置文字层	61	1754	-
541	PDF内置文字层	60	1429	-
542	PDF内置文字层	53	2190	-
543	PDF内置文字层	60	2542	-
544	PDF内置文字层	49	1484	-
545	PDF内置文字层	58	1810	-
546	PDF内置文字层	62	1758	-
547	PDF内置文字层	52	1858	-
548	PDF内置文字层	57	1625	-
549	PDF内置文字层	56	1369	-
550	PDF内置文字层	57	1732	-
551	PDF内置文字层	59	2862	-
552	PDF内置文字层	58	1481	-
553	PDF内置文字层	47	1559	-
554	PDF内置文字层	61	1827	-
555	PDF内置文字层	54	1786	-
556	PDF内置文字层	59	2129	-
557	PDF内置文字层	60	1352	-
558	PDF内置文字层	98	4312	-
559	PDF内置文字层	60	1580	-
560	PDF内置文字层	54	1883	-
561	PDF内置文字层	55	2129	-
562	PDF内置文字层	60	1871	-
563	PDF内置文字层	59	3418	-
564	PDF内置文字层	66	1499	-
565	PDF内置文字层	62	1512	-
566	PDF内置文字层	62	1661	-
567	PDF内置文字层	62	2068	-
568	PDF内置文字层	63	2045	-
569	PDF内置文字层	61	1970	-
570	PDF内置文字层	55	3276	-
571	PDF内置文字层	62	2026	-
572	PDF内置文字层	48	1810	-
573	PDF内置文字层	55	1832	-
574	PDF内置文字层	54	1444	-
575	PDF内置文字层	54	1817	-
576	PDF内置文字层	58	1746	-
577	PDF内置文字层	64	2581	-
578	PDF内置文字层	58	2021	-
579	PDF内置文字层	56	1925	-
580	PDF内置文字层	56	1702	-
581	PDF内置文字层	54	1526	-
582	PDF内置文字层	57	1769	-
583	PDF内置文字层	57	1637	-
584	PDF内置文字层	55	1609	-
585	PDF内置文字层	56	1570	-
586	PDF内置文字层	53	1911	-
587	PDF内置文字层	65	1708	-
588	PDF内置文字层	66	1646	-
589	PDF内置文字层	74	2157	-
590	PDF内置文字层	68	2510	-
591	PDF内置文字层	67	2547	-
592	PDF内置文字层	67	2523	-
593	PDF内置文字层	102	4094	-
594	PDF内置文字层	38	1233	-
595	PDF内置文字层	42	1515	-
596	PDF内置文字层	64	3252	-
597	PDF内置文字层	51	1880	-
598	PDF内置文字层	55	1746	-
599	PDF内置文字层	84	4848	-
600	PDF内置文字层	77	3215	-
601	PDF内置文字层	65	2472	-
602	PDF内置文字层	56	2240	-
603	PDF内置文字层	76	2569	-
604	PDF内置文字层	65	2155	-
605	PDF内置文字层	79	2234	-
606	PDF内置文字层	61	2126	-
607	PDF内置文字层	54	2498	-
608	PDF内置文字层	66	2030	-
609	PDF内置文字层	58	2306	-
610	PDF内置文字层	80	3874	-
611	PDF内置文字层	56	2985	-
612	PDF内置文字层	61	1454	-
613	PDF内置文字层	75	2295	-
614	PDF内置文字层	75	2327	-
615	PDF内置文字层	57	2052	-
616	PDF内置文字层	65	2049	-
617	PDF内置文字层	57	1412	-
618	PDF内置文字层	58	1624	-
619	PDF内置文字层	46	1325	-
620	PDF内置文字层	53	1435	-
621	PDF内置文字层	58	1588	-
622	PDF内置文字层	62	1756	-
623	PDF内置文字层	54	1803	-
624	PDF内置文字层	60	1538	-
625	PDF内置文字层	66	2829	-
626	PDF内置文字层	52	1550	-
627	PDF内置文字层	49	1691	-
628	PDF内置文字层	61	1763	-
629	PDF内置文字层	64	1708	-
630	PDF内置文字层	56	1510	-
631	PDF内置文字层	53	1730	-
632	PDF内置文字层	61	2036	-
633	PDF内置文字层	52	1694	-
634	PDF内置文字层	65	2286	-
635	PDF内置文字层	55	2154	-
636	PDF内置文字层	58	2402	-
637	PDF内置文字层	56	2032	-
638	PDF内置文字层	54	1788	-
639	PDF内置文字层	67	2252	-
640	PDF内置文字层	48	1632	-
641	PDF内置文字层	48	1386	-
642	PDF内置文字层	60	1783	-
643	PDF内置文字层	51	1788	-
644	PDF内置文字层	62	2263	-
645	PDF内置文字层	56	1382	-
646	PDF内置文字层	63	1613	-
647	PDF内置文字层	57	1558	-
648	PDF内置文字层	64	1424	-
649	PDF内置文字层	54	1719	-
650	PDF内置文字层	68	1867	-
651	PDF内置文字层	74	1679	-
652	PDF内置文字层	67	2058	-
653	PDF内置文字层	58	2709	-
654	PDF内置文字层	65	2836	-
655	PDF内置文字层	63	2550	-
656	PDF内置文字层	0	0	-
657	PDF内置文字层	30	393	-
658	PDF内置文字层	43	1658	-
659	PDF内置文字层	58	2136	-
660	PDF内置文字层	54	1701	-
661	PDF内置文字层	64	1612	-
662	PDF内置文字层	55	1817	-
663	PDF内置文字层	56	1911	-
664	PDF内置文字层	57	2215	-
665	PDF内置文字层	61	1944	-
666	PDF内置文字层	56	2159	-
667	PDF内置文字层	64	2013	-
668	PDF内置文字层	56	2058	-
669	PDF内置文字层	64	1709	-
670	PDF内置文字层	60	1640	-
671	PDF内置文字层	49	1281	-
672	PDF内置文字层	68	1328	-
673	PDF内置文字层	65	2214	-
674	PDF内置文字层	58	2434	-
675	PDF内置文字层	47	1791	-
676	PDF内置文字层	58	2093	-
677	PDF内置文字层	47	1350	-
678	PDF内置文字层	47	1205	-
679	PDF内置文字层	46	1207	-
680	PDF内置文字层	62	1444	-
681	PDF内置文字层	44	1293	-
682	PDF内置文字层	69	2152	-
683	PDF内置文字层	51	1960	-
684	PDF内置文字层	60	1962	-
685	PDF内置文字层	68	2008	-
686	PDF内置文字层	57	1471	-
687	PDF内置文字层	60	1703	-
688	PDF内置文字层	58	2138	-
689	PDF内置文字层	56	1854	-
690	PDF内置文字层	61	1544	-
691	PDF内置文字层	56	1558	-
692	PDF内置文字层	69	2110	-
693	PDF内置文字层	55	1903	-
694	PDF内置文字层	56	2333	-
695	PDF内置文字层	53	1933	-
696	PDF内置文字层	53	1670	-
697	PDF内置文字层	58	2215	-
698	PDF内置文字层	57	2314	-
699	PDF内置文字层	55	1794	-
700	PDF内置文字层	65	2698	-
701	PDF内置文字层	50	1697	-
702	PDF内置文字层	59	1994	-
703	PDF内置文字层	52	2564	-
704	PDF内置文字层	53	1937	-
705	PDF内置文字层	54	1668	-
706	PDF内置文字层	51	1890	-
707	PDF内置文字层	57	2432	-
708	PDF内置文字层	56	2188	-
709	PDF内置文字层	58	2370	-
710	PDF内置文字层	57	2492	-
711	PDF内置文字层	52	1964	-
712	PDF内置文字层	56	2539	-
713	PDF内置文字层	51	2038	-
714	PDF内置文字层	52	2210	-
715	PDF内置文字层	62	2714	-
716	PDF内置文字层	64	2671	-
717	PDF内置文字层	43	1517	-
718	PDF内置文字层	77	2039	-
719	PDF内置文字层	58	2067	-
720	PDF内置文字层	54	2034	-
721	PDF内置文字层	50	1992	-
722	PDF内置文字层	61	2588	-
723	PDF内置文字层	53	1999	-
724	PDF内置文字层	60	2529	-
725	PDF内置文字层	57	2116	-
726	PDF内置文字层	55	2095	-
727	PDF内置文字层	60	2022	-
728	PDF内置文字层	54	1861	-
729	PDF内置文字层	64	1459	-
730	PDF内置文字层	61	1504	-
731	PDF内置文字层	60	1620	-
732	PDF内置文字层	50	1550	-
733	PDF内置文字层	55	1896	-
734	PDF内置文字层	55	1828	-
735	PDF内置文字层	59	1481	-
736	PDF内置文字层	96	6823	-
737	PDF内置文字层	69	2697	-
738	PDF内置文字层	56	1984	-
739	PDF内置文字层	85	4179	-
740	PDF内置文字层	52	1376	-
741	PDF内置文字层	52	1918	-
742	PDF内置文字层	60	2670	-
743	PDF内置文字层	58	2316	-
744	PDF内置文字层	54	1571	-
745	PDF内置文字层	60	2017	-
746	PDF内置文字层	58	1827	-
747	PDF内置文字层	55	1969	-
748	PDF内置文字层	58	2415	-
749	PDF内置文字层	59	2144	-
750	PDF内置文字层	70	2856	-
751	PDF内置文字层	52	2338	-
752	PDF内置文字层	57	1810	-
753	PDF内置文字层	59	1964	-
754	PDF内置文字层	52	2023	-
755	PDF内置文字层	64	2206	-
756	PDF内置文字层	57	1899	-
757	PDF内置文字层	66	1336	-
758	PDF内置文字层	61	1356	-
759	PDF内置文字层	59	2244	-
760	PDF内置文字层	69	2450	-
761	PDF内置文字层	58	2518	-
762	PDF内置文字层	64	2713	-
763	PDF内置文字层	56	3067	-
764	PDF内置文字层	69	1420	-
765	PDF内置文字层	47	1704	-
766	PDF内置文字层	61	1897	-
767	PDF内置文字层	65	1800	-
768	PDF内置文字层	35	1129	-
769	PDF内置文字层	60	5229	-
770	PDF内置文字层	81	6527	-
771	PDF内置文字层	72	5951	-
772	PDF内置文字层	65	5512	-
773	PDF内置文字层	51	4254	-
774	PDF内置文字层	59	2317	-
775	PDF内置文字层	58	647	-
776	PDF内置文字层	0	0	-
