PDF页码	图片文件	行数	字符数	平均置信度	错误
1	page-001.jpg	11	122	0.5636
2	page-002.jpg	11	139	0.5545
3	page-003.jpg	7	65	0.6571
4	page-004.jpg	40	780	0.6575
5	page-005.jpg	16	510	0.9563
6	page-006.jpg	30	979	0.9767
7	page-007.jpg	37	1254	0.9595
8	page-008.jpg	37	1242	0.9541
9	page-009.jpg	37	1204	0.9730
10	page-010.jpg	37	1250	0.9189
11	page-011.jpg	37	1200	0.8730
12	page-012.jpg	12	224	0.7333
13	page-013.jpg	33	1028	0.9394
14	page-014.jpg	37	1239	0.9595
15	page-015.jpg	37	1223	0.9541
16	page-016.jpg	10	222	0.8500
17	page-017.jpg	88	561	0.7727
18	page-018.jpg	93	975	0.8108
19	page-019.jpg	25	294	0.5880
20	page-020.jpg	28	913	0.8857
21	page-021.jpg	36	1194	0.9250
22	page-022.jpg	36	1175	0.9806
23	page-023.jpg	33	1060	0.9242
24	page-024.jpg	35	1178	0.9571
25	page-025.jpg	36	1171	0.9722
26	page-026.jpg	36	1126	0.9389
27	page-027.jpg	34	1076	0.9853
28	page-028.jpg	36	1100	0.9667
29	page-029.jpg	35	927	0.9000
30	page-030.jpg	33	990	0.8970
31	page-031.jpg	37	1212	0.9865
32	page-032.jpg	34	1081	0.9647
33	page-033.jpg	30	977	0.9833
34	page-034.jpg	28	914	0.9750
35	page-035.jpg	35	1135	0.9514
36	page-036.jpg	35	981	0.8771
37	page-037.jpg	34	894	0.8147
38	page-038.jpg	35	841	0.7371
39	page-039.jpg	37	1056	0.8108
40	page-040.jpg	40	717	0.6750
41	page-041.jpg	36	718	0.7528
42	page-042.jpg	29	763	0.8448
43	page-043.jpg	33	1070	0.9697
44	page-044.jpg	35	770	0.8971
45	page-045.jpg	36	1066	0.9167
46	page-046.jpg	35	1089	0.9714
47	page-047.jpg	37	714	0.6270
48	page-048.jpg	36	1182	0.9722
49	page-049.jpg	35	867	0.8429
50	page-050.jpg	35	1163	0.9000
51	page-051.jpg	39	937	0.8949
52	page-052.jpg	34	968	0.6529
53	page-053.jpg	36	1054	0.8861
54	page-054.jpg	36	1199	0.8583
55	page-055.jpg	35	975	0.7229
56	page-056.jpg	35	1099	0.9000
57	page-057.jpg	36	1154	0.9167
58	page-058.jpg	35	1069	0.7600
59	page-059.jpg	36	1097	0.8750
60	page-060.jpg	36	1114	0.9583
61	page-061.jpg	35	1100	0.9514
62	page-062.jpg	36	1241	0.9306
63	page-063.jpg	34	1062	0.9853
64	page-064.jpg	36	1148	1.0000
65	page-065.jpg	34	1080	0.9412
66	page-066.jpg	34	1048	0.9412
67	page-067.jpg	36	1188	0.9472
68	page-068.jpg	34	1088	0.8971
69	page-069.jpg	34	1114	0.9559
70	page-070.jpg	35	974	0.8686
71	page-071.jpg	36	1209	0.8278
72	page-072.jpg	34	1111	0.8824
73	page-073.jpg	36	1291	0.8056
74	page-074.jpg	36	1196	0.9389
75	page-075.jpg	48	784	0.9896
76	page-076.jpg	34	1126	0.9853
77	page-077.jpg	35	1076	0.8571
78	page-078.jpg	24	756	0.9167
79	page-079.jpg	28	905	0.8750
80	page-080.jpg	36	1189	0.9306
81	page-081.jpg	36	1225	0.9583
82	page-082.jpg	36	1355	0.6167
83	page-083.jpg	36	1204	0.8278
84	page-084.jpg	34	1193	0.8765
85	page-085.jpg	36	1155	1.0000
86	page-086.jpg	36	1189	0.9722
87	page-087.jpg	36	1139	0.9444
88	page-088.jpg	36	1218	0.9583
89	page-089.jpg	34	1062	0.9559
90	page-090.jpg	74	1307	0.7703
91	page-091.jpg	35	1053	0.9657
92	page-092.jpg	36	1210	0.8750
93	page-093.jpg	35	1170	0.8371
94	page-094.jpg	36	1159	0.9722
95	page-095.jpg	36	1223	0.8917
96	page-096.jpg	36	1197	0.8750
97	page-097.jpg	36	1165	0.9306
98	page-098.jpg	36	1230	0.8083
99	page-099.jpg	36	1197	0.8889
100	page-100.jpg	36	1185	0.9028
101	page-101.jpg	36	1159	0.9444
102	page-102.jpg	41	895	0.8878
103	page-103.jpg	36	1197	0.9722
104	page-104.jpg	36	1211	0.8889
105	page-105.jpg	36	1301	0.8472
106	page-106.jpg	36	1230	0.9583
107	page-107.jpg	36	1205	0.9167
108	page-108.jpg	36	1222	0.8889
109	page-109.jpg	36	1117	0.9250
110	page-110.jpg	36	1081	0.9194
111	page-111.jpg	35	1151	0.9857
112	page-112.jpg	36	1221	0.9028
113	page-113.jpg	36	1240	0.8750
114	page-114.jpg	36	1237	0.8889
115	page-115.jpg	37	1151	0.8108
116	page-116.jpg	36	1206	0.9583
117	page-117.jpg	36	1127	0.9861
118	page-118.jpg	36	1201	0.9861
119	page-119.jpg	36	1286	0.8333
120	page-120.jpg	36	1102	0.8556
121	page-121.jpg	40	835	0.7150
122	page-122.jpg	38	1133	0.8158
123	page-123.jpg	36	1103	0.9167
124	page-124.jpg	36	1059	0.7722
125	page-125.jpg	36	1209	0.9861
126	page-126.jpg	36	1208	0.9722
127	page-127.jpg	36	1248	0.8889
128	page-128.jpg	36	1213	0.9722
129	page-129.jpg	36	1213	0.9861
130	page-130.jpg	36	1132	0.9056
131	page-131.jpg	36	1211	0.9861
132	page-132.jpg	36	1199	0.8972
133	page-133.jpg	36	1156	0.9861
134	page-134.jpg	36	1203	0.9722
135	page-135.jpg	36	1155	0.8444
136	page-136.jpg	36	1116	0.8889
137	page-137.jpg	36	1097	0.9722
138	page-138.jpg	36	1194	0.9250
139	page-139.jpg	36	1216	0.9306
140	page-140.jpg	36	1165	0.8889
141	page-141.jpg	36	1142	0.9111
142	page-142.jpg	36	1198	0.9167
143	page-143.jpg	36	1212	0.9028
144	page-144.jpg	36	1163	0.9861
145	page-145.jpg	36	1223	0.9444
146	page-146.jpg	36	1204	0.9444
147	page-147.jpg	36	1102	0.9444
148	page-148.jpg	40	949	0.7025
149	page-149.jpg	36	1159	0.9444
150	page-150.jpg	35	1230	0.8514
151	page-151.jpg	35	1141	0.9571
152	page-152.jpg	35	1150	0.9571
153	page-153.jpg	36	1169	1.0000
154	page-154.jpg	36	1187	0.9444
155	page-155.jpg	34	1056	0.9706
156	page-156.jpg	36	922	0.6944
157	page-157.jpg	36	1135	0.9444
158	page-158.jpg	36	1203	0.9583
159	page-159.jpg	37	1150	0.8892
160	page-160.jpg	36	1170	0.9722
161	page-161.jpg	36	920	0.7389
162	page-162.jpg	36	1136	0.9583
163	page-163.jpg	36	1067	0.9583
164	page-164.jpg	36	1194	0.9722
165	page-165.jpg	36	1113	0.8972
166	page-166.jpg	36	1141	0.9667
167	page-167.jpg	35	1121	0.9571
168	page-168.jpg	36	1039	0.9861
169	page-169.jpg	36	1175	0.9583
170	page-170.jpg	35	1149	0.9714
171	page-171.jpg	34	997	0.9118
172	page-172.jpg	37	1178	0.9595
173	page-173.jpg	35	1120	1.0000
174	page-174.jpg	33	1074	0.9697
175	page-175.jpg	34	1063	0.9853
176	page-176.jpg	36	1159	0.9667
177	page-177.jpg	36	1009	0.9222
178	page-178.jpg	36	1188	0.9722
179	page-179.jpg	36	1195	1.0000
180	page-180.jpg	34	823	0.7618
181	page-181.jpg	36	1105	0.9444
182	page-182.jpg	37	1291	0.6027
183	page-183.jpg	36	931	0.8278
184	page-184.jpg	35	1031	0.8229
185	page-185.jpg	36	1179	0.9861
186	page-186.jpg	36	1157	0.9194
187	page-187.jpg	34	817	0.7794
188	page-188.jpg	36	1229	0.9583
189	page-189.jpg	36	1174	0.9861
190	page-190.jpg	36	890	0.8083
191	page-191.jpg	33	1003	0.9697
192	page-192.jpg	36	1130	0.9722
193	page-193.jpg	36	1148	0.8750
194	page-194.jpg	34	1092	0.9647
195	page-195.jpg	36	1229	0.9722
196	page-196.jpg	36	1197	0.9722
197	page-197.jpg	36	1126	0.9722
198	page-198.jpg	36	1205	0.9722
199	page-199.jpg	34	1041	0.9265
200	page-200.jpg	36	1224	0.9722
201	page-201.jpg	36	1204	0.9861
202	page-202.jpg	36	1161	0.9306
203	page-203.jpg	34	1111	0.9706
204	page-204.jpg	36	1189	0.9861
205	page-205.jpg	36	1140	0.9444
206	page-206.jpg	36	1203	0.9583
207	page-207.jpg	22	649	1.0000
208	page-208.jpg	28	880	0.9214
209	page-209.jpg	36	1028	0.9444
210	page-210.jpg	36	1070	0.9167
211	page-211.jpg	36	892	0.8778
212	page-212.jpg	33	946	0.7727
213	page-213.jpg	150	729	0.8100
214	page-214.jpg	90	779	0.5533
215	page-215.jpg	42	1075	0.7333
216	page-216.jpg	36	1155	0.9583
217	page-217.jpg	35	1190	0.8143
218	page-218.jpg	123	891	0.8431
219	page-219.jpg	122	660	0.7541
220	page-220.jpg	53	877	0.5377
221	page-221.jpg	36	1095	0.7806
222	page-222.jpg	34	1011	0.8824
223	page-223.jpg	35	1119	0.9571
224	page-224.jpg	36	1074	0.7250
225	page-225.jpg	33	949	0.7758
226	page-226.jpg	33	948	0.7879
227	page-227.jpg	35	1012	0.6686
228	page-228.jpg	36	1227	0.9722
229	page-229.jpg	36	1168	1.0000
230	page-230.jpg	35	1087	0.9171
231	page-231.jpg	36	1207	0.8056
232	page-232.jpg	36	1199	0.9722
233	page-233.jpg	36	1166	1.0000
234	page-234.jpg	36	1162	0.9722
235	page-235.jpg	36	1165	0.9444
236	page-236.jpg	36	1135	0.9583
237	page-237.jpg	36	1128	0.9583
238	page-238.jpg	35	1089	0.9571
239	page-239.jpg	36	929	0.9250
240	page-240.jpg	36	1046	0.9722
241	page-241.jpg	36	1236	0.9583
242	page-242.jpg	36	1197	0.9306
243	page-243.jpg	36	1186	1.0000
244	page-244.jpg	35	977	0.8571
245	page-245.jpg	36	1162	0.9028
246	page-246.jpg	35	1085	0.9429
247	page-247.jpg	36	1144	0.9667
248	page-248.jpg	36	1064	0.9444
249	page-249.jpg	36	1114	0.9444
250	page-250.jpg	36	1196	0.9667
251	page-251.jpg	34	1101	0.9706
252	page-252.jpg	35	1032	0.9714
253	page-253.jpg	34	1085	0.9559
254	page-254.jpg	34	952	0.8706
255	page-255.jpg	36	1204	0.9722
256	page-256.jpg	36	1218	0.9306
257	page-257.jpg	36	1190	0.9583
258	page-258.jpg	35	1120	0.9714
259	page-259.jpg	36	1183	1.0000
260	page-260.jpg	36	1144	0.9389
261	page-261.jpg	11	322	1.0000
262	page-262.jpg	29	676	0.7586
263	page-263.jpg	35	983	0.6600
264	page-264.jpg	37	659	0.4432
265	page-265.jpg	37	767	0.5946
266	page-266.jpg	39	885	0.4769
267	page-267.jpg	38	857	0.5105
268	page-268.jpg	37	705	0.5622
269	page-269.jpg	39	727	0.5026
270	page-270.jpg	32	822	0.7656
271	page-271.jpg	35	1024	0.7286
272	page-272.jpg	35	1002	0.7771
273	page-273.jpg	42	740	0.4905
274	page-274.jpg	52	767	0.5462
275	page-275.jpg	42	510	0.4905
276	page-276.jpg	46	552	0.4283
277	page-277.jpg	38	693	0.5237
278	page-278.jpg	40	434	0.4125
279	page-279.jpg	40	721	0.4175
280	page-280.jpg	35	748	0.5457
281	page-281.jpg	35	841	0.5371
282	page-282.jpg	27	750	0.3889
283	page-283.jpg	33	788	0.4364
284	page-284.jpg	34	994	0.4647
285	page-285.jpg	46	479	0.3870
286	page-286.jpg	11	191	0.4182
287	page-287.jpg	30	871	0.8333
288	page-288.jpg	31	989	0.8161
289	page-289.jpg	32	1031	0.9688
290	page-290.jpg	36	1170	0.8972
291	page-291.jpg	28	804	0.9393
292	page-292.jpg	21	891	0.5476
